,City,City Latitude,City Longitude,Temperature (F),Max Temperature (F),Humidity (%),Cloud Coverage (%),Wind Speed (mph),City Country,City Datetime
0,albany,42.6001,-73.9662,51.89,55.58,88,76,2.51,US,1634819071
1,buon me thuot,-15.89,-52.2567,84.78,84.78,58,0,0,BR,1634819072
2,barra do garcas,-46.6,168.3333,43.41,43.41,81,1,9.24,NZ,1634819073
3,bluff,40.2883,38.4236,56.7,56.7,30,0,2.53,TR,1634819074
4,sebinkarahisar,51.8657,-2.2431,53.53,57.47,61,40,11.5,GB,1634819076
5,kegayli,-0.6,73.0833,81.93,81.93,75,100,10.65,MV,1634819077
6,gloucester,-23.1203,-134.9692,73.62,73.62,77,100,17.78,PF,1634819077
7,hithadhoo,71.2906,-156.7887,28.42,28.42,86,90,8.05,US,1634819078
8,rikitea,37.2001,-94.3502,43.34,45.36,82,1,5.75,US,1634819080
9,barrow,71.6872,128.8694,15.39,15.39,95,100,10.98,RU,1634819081
10,jasper,17.4924,44.1277,88.45,88.45,12,54,17.54,SA,1634819082
11,tiksi,-33.65,115.3333,56.05,56.05,81,37,7.99,AU,1634819084
12,najran,-33.9258,18.4232,67.71,68.11,65,0,17.27,ZA,1634818986
13,busselton,46.5833,0.3333,64.15,64.81,56,20,19.57,FR,1634819084
14,cape town,46.4856,135.8833,21.2,21.2,85,12,4.74,RU,1634819085
15,poitiers,-24.8667,113.6333,69.87,69.87,68,0,23.02,AU,1634819060
16,vostok,28.2333,83.9833,67.14,67.14,96,52,0.78,NP,1634818825
17,carnarvon,-19.5667,18.1167,80.17,80.17,47,67,8.05,NA,1634818848
18,pokhara,65.282,-126.8329,30.24,30.24,86,20,5.75,CA,1634819086
19,grootfontein,-15.7167,46.3167,87.82,87.82,62,20,17.27,MG,1634819087
20,norman wells,-54.8,-68.3,44.26,46.02,61,75,26.46,AR,1634819089
21,mahajanga,6.1241,81.1185,82.74,82.74,94,40,5.75,LK,1634819090
22,ushuaia,68.75,161.3,-3.5,-3.5,100,99,5.53,RU,1634819090
23,hambantota,-30.5983,-71.2003,59.31,59.31,64,0,2.39,CL,1634819091
24,cherskiy,28.8184,115.4327,52.48,52.48,93,98,2.46,CN,1634819093
25,ovalle,58.3436,6.2812,46.47,50.59,65,15,28.21,NO,1634819093
26,ganzhou,-42.7826,147.0587,57.65,58.5,59,70,3.38,AU,1634819094
27,hauge,39.7228,64.5517,57.24,57.24,47,40,9.22,UZ,1634819095
28,new norfolk,-9.8,-139.0333,77.61,77.61,77,9,18.86,PF,1634819096
29,kogon,-53.15,-70.9167,44.42,44.71,76,40,23.02,CL,1634819098
30,atuona,40.1629,-8.3327,66.45,68.36,46,71,8.79,PT,1634819099
31,luceville,37.7167,-25.4333,70.21,70.21,58,68,4.41,PT,1634819100
32,punta arenas,19.7297,-155.09,66.49,76.28,73,1,0,US,1634819102
33,lata,44.5,0.6667,63.64,64.45,69,30,11.07,FR,1634819103
34,vila franca do campo,13.6017,26.6876,93.36,93.36,13,100,17.85,SD,1634819104
35,hilo,32.6881,128.8419,65.17,65.17,61,78,15.52,JP,1634819105
36,villeneuve-sur-lot,60.34,102.2797,38.3,38.3,78,58,7.99,RU,1634819105
37,umm kaddadah,-24.7911,-50.0119,57.96,57.96,71,93,8.01,BR,1634819107
38,fukue,-25.1667,46.0833,69.49,69.49,69,96,6.98,MG,1634819108
39,vanavara,5.7947,0.8973,86.22,86.22,73,100,7.87,GH,1634819110
40,castro,-0.7393,-90.3518,68.81,68.81,90,78,8.77,EC,1634819111
41,ambovombe,41.1231,80.2644,59.61,59.61,22,40,3.96,CN,1634819113
42,anloga,33.9997,119.8308,52.14,52.14,78,92,5.3,CN,1634819113
43,puerto ayora,43.2686,-7.5406,58.37,64.42,88,90,3.8,ES,1634819113
44,amderma,59.3833,143.3,15.98,15.98,70,43,7.23,RU,1634819114
45,aksu,-46.1927,168.8643,35.76,35.76,98,1,2.86,NZ,1634819116
46,dongkan,41.3712,-73.414,53.37,59.49,87,1,0,US,1634819116
47,bereda,-33.0153,27.9116,77.94,77.94,65,0,13.8,ZA,1634818988
48,okhotsk,-22.9239,-45.4617,66.31,71.17,68,40,3.44,BR,1634819117
49,mataura,32.6667,-17.1,76.75,78.71,71,41,3.96,PT,1634819118
50,bethel,56.45,138.1667,37.15,37.15,66,99,11.12,RU,1634819120
51,east london,-35.1667,173.1667,61.66,61.66,96,100,7.31,NZ,1634819121
52,pindamonhangaba,7.6667,36.8333,74.19,74.19,48,66,3.13,ET,1634819122
53,ponta do sol,-22.9661,-42.0278,67.86,67.96,83,75,5.75,BR,1634818988
54,ayan,61.3314,40.0858,47.41,47.41,97,100,11.39,RU,1634819123
55,ahipara,39.05,-27.9833,68.41,68.41,68,88,6.4,PT,1634819125
56,cheuskiny,49.3251,28.0809,64.33,64.72,34,95,16.28,UA,1634819126
57,jimma,24.6877,46.7219,91.54,91.54,14,0,5.73,SA,1634818933
58,arraial do cabo,42.097,-79.2353,53.28,58.59,91,1,1.99,US,1634819127
59,voloshka,10.9995,122.6711,77.59,77.59,90,89,4.36,PH,1634819128
60,lagoa,60.8953,131.9608,26.2,26.2,95,100,3.91,RU,1634819128
61,lityn,43.3236,145.575,49.15,49.15,83,100,11.48,JP,1634819129
62,riyadh,5.4112,100.3354,82.09,82.35,78,40,1.14,MY,1634819130
63,jamestown,22.8909,-109.9124,74.34,78.51,81,0,6.46,MX,1634819130
64,dingle,72.7868,-56.1549,23.52,23.52,84,68,19.13,GL,1634819131
65,amga,9.6033,105.98,76.96,76.96,89,99,5.64,VN,1634819131
66,nemuro,37.1041,-113.5841,48.81,62.35,61,1,0,US,1634819132
67,georgetown,70.3705,31.1107,35.58,35.58,87,75,31.07,NO,1634819133
68,cabo san lucas,-2.5744,150.7967,81.05,81.05,81,96,9.78,PG,1634819134
69,ondorhaan,11.6667,92.75,81.95,81.95,79,100,3.67,IN,1634819136
70,upernavik,77.484,-69.3632,4.28,4.28,85,63,7.7,GL,1634819136
71,soc trang,35.7333,140.8333,57.6,57.6,54,100,15.75,JP,1634819138
72,saint george,24.6333,-101.4167,57.87,57.87,68,7,5.48,MX,1634819138
73,vardo,-21.2078,-159.775,71.65,71.65,68,46,8.05,CK,1634819139
74,kavieng,-34.4187,19.2345,68.86,68.86,66,98,7.81,ZA,1634819140
75,port blair,66.5606,67.7975,28.78,28.78,86,49,6.76,RU,1634819141
76,qaanaaq,22.2855,114.1577,70.74,72.32,73,93,1.01,HK,1634819010
77,belushya guba,21.4447,-157.8378,72.81,73.45,82,90,3.44,US,1634819143
78,hasaki,40.6576,-73.5832,59.2,63.16,75,1,1.99,US,1634819144
79,concepcion del oro,9.9167,8.9,82.81,82.81,40,98,6.96,NG,1634819145
80,avarua,70.6333,147.9167,-17.66,-17.66,96,76,3.4,RU,1634819147
81,hermanus,60.1432,-45.2371,38.91,38.91,38,95,2.48,GL,1634819148
82,aksarka,-32.035,-52.0986,65.95,66.31,70,81,10.58,BR,1634819149
83,victoria,-6.6024,147.8681,79.75,79.75,82,78,2.1,PG,1634819151
84,ahuimanu,73.5069,80.5464,23.2,23.2,74,98,11.16,RU,1634819151
85,freeport,17.9833,-102.2333,76.39,76.39,87,20,4.16,MX,1634819152
86,jos,-34.5322,20.0403,70.92,70.92,64,75,11.5,ZA,1634819153
87,sentyabrskiy,33.0833,-16.3333,72.82,72.82,57,20,12.66,PT,1634819155
88,chokurdakh,4.375,-7.7169,81.54,81.54,76,89,8.28,LR,1634819156
89,nanortalik,-19.1164,33.4833,78.66,78.66,50,40,4.61,MZ,1634819157
90,rio grande,-29.823,27.2374,73.58,73.58,22,84,6.4,LS,1634819159
91,finschhafen,65.5333,72.5167,30.87,30.87,76,63,4.79,RU,1634819160
92,dikson,24.7667,82.7833,74.55,74.55,57,5,7.4,IN,1634819161
93,la orilla,19.9333,-105.25,74.14,74.14,94,11,3.18,MX,1634819161
94,bredasdorp,-33.5906,26.891,77.45,77.45,61,67,14.72,ZA,1634819162
95,camacha,5.3505,48.5268,81.48,81.48,70,78,15.73,SO,1634819164
96,harper,56.5,93.2728,38.84,38.84,59,42,4.94,RU,1634819165
97,chimoio,53.45,108.9833,34.72,34.72,80,2,5.37,RU,1634819167
98,mafeteng,45.5234,-122.6762,51.51,56.68,82,90,1.01,US,1634818993
99,nadym,38.421,-121.4238,60.1,63.64,85,90,0,US,1634819168
100,ghorawal,13.2167,-59.5167,84.81,84.81,70,75,26.46,BB,1634819169
101,tomatlan,45.7516,3.1125,61.9,61.9,45,20,12.66,FR,1634819170
102,port alfred,-11.0964,-77.6139,62.33,62.33,86,76,6.96,PE,1634819171
103,hobyo,-18.9,-66.7667,49.5,49.5,9,70,2.73,BO,1634819173
104,vaitupu,-3.41,-39.0306,82.11,87.82,60,78,9.91,BR,1634819174
105,sukhobuzimskoye,-41.4122,175.5153,46.06,48.04,73,91,4.65,NZ,1634819175
106,ust-barguzin,-37.8333,140.7667,53.51,53.51,94,75,0,AU,1634819176
107,portland,-7.9386,110.2506,79.38,79.38,86,99,8.39,ID,1634819177
108,laguna,50.7833,121.5167,28.44,28.44,82,7,2.48,CN,1634819116
109,bathsheba,37.15,122.3833,51.64,51.64,67,34,5.99,CN,1634819177
110,aubiere,-15.7667,128.7333,89.58,89.58,66,44,6.91,AU,1634819177
111,hualmay,54.5163,-128.6035,44.51,44.51,87,90,19.57,CA,1634819178
112,illoqqortoormiut,-23.865,35.3833,80.58,80.58,50,20,13.8,MZ,1634819179
113,challapata,-21.3585,55.7679,76.6,80.47,77,43,11.25,RE,1634819180
114,paracuru,-13.7,-76.2167,59.05,59.05,94,63,6.91,PE,1634819182
115,waipawa,33.9674,36.6574,67.66,67.66,39,1,8.55,SY,1634819183
116,mount gambier,70.8578,29.0864,35.4,35.55,80,75,27.63,NO,1634819184
117,grand river south east,63.4427,-20.2734,45.59,45.59,81,40,13.8,IS,1634819186
118,srandakan,-0.8833,131.25,82.4,82.4,75,93,6.69,ID,1634819187
119,genhe,69.4865,88.3972,17.91,17.91,96,100,2.95,RU,1634819187
120,yatou,7.4054,99.5156,80.69,80.69,94,20,0,TH,1634819188
121,kununurra,-21.6403,-41.0511,66.29,66.29,84,98,8.34,BR,1634819188
122,terrace,-6.7221,146.9847,79.27,79.27,82,95,2.64,PG,1634819190
123,inhambane,69.3833,178.4167,21.88,21.88,95,100,13.27,RU,1634819190
124,saint-philippe,62.456,-114.3525,38.01,38.41,79,1,9.22,CA,1634819191
125,pisco,30.9,75.85,85.26,85.26,17,0,5.53,IN,1634819134
126,yabrud,-30.1811,-50.2056,63.79,63.79,76,97,13.22,BR,1634819193
127,berlevag,31.8111,121.655,60.12,60.93,70,100,11.45,CN,1634819194
128,vestmannaeyjar,14.2,24.6667,87.49,87.49,14,100,13.2,SD,1634819194
129,sorong,42.0776,-78.4297,49.26,55.24,94,100,4.68,US,1634819196
130,attawapiskat,-20.3428,57.7575,77.25,77.25,73,40,12.66,MU,1634819196
131,talnakh,-41.8697,-73.8203,47.73,49.42,74,74,3.27,CL,1634819198
132,tsihombe,6.3005,-10.7969,82.17,82.17,74,69,9.15,LR,1634819199
133,kantang,-35.1,173.7833,64.33,64.33,98,100,10.54,NZ,1634819201
134,sao joao da barra,4.75,115,82.27,82.51,94,76,1.88,MY,1634818962
135,lae,31.4167,130.3167,56.43,56.43,91,100,7.36,JP,1634819201
136,leningradskiy,-42.8794,147.3294,58.86,58.86,77,20,9.22,AU,1634819187
137,yellowknife,64.8945,-23.7142,42.44,42.44,76,83,13.8,IS,1634819202
138,ludhiana,29.0331,21.5482,82.17,82.17,31,2,6.15,LY,1634819203
139,cidreira,59.5833,151.2833,18.09,18.09,37,28,4.76,RU,1634819204
140,huilong,55.6361,38.0803,56.98,57.61,72,75,11.18,RU,1634819206
141,kutum,51.1167,133.0167,25.88,25.88,98,100,1.97,RU,1634819207
142,olean,-20.3297,-40.2925,71.55,71.55,78,40,11.5,BR,1634819207
143,bambous virieux,66.1451,-65.7125,32,32,93,90,0,CA,1634819208
144,ancud,32.65,-17.0667,77.45,78.71,72,45,3.56,PT,1634819210
145,monrovia,57.5058,-1.7981,45.91,47.1,67,80,28.59,GB,1634819211
146,kaeo,40.2863,-8.65,65.35,69.35,48,83,12.33,PT,1634819212
147,limbang,14.8961,-24.4956,83.05,83.05,62,47,6.96,CV,1634819213
148,kaseda,-33.7456,-61.9688,71.76,72.79,43,1,11.99,AR,1634819214
149,hobart,-13.5432,23.1047,91.11,91.11,26,79,4.5,ZM,1634819216
150,olafsvik,7.85,9.7833,90.57,90.57,50,81,1.79,NG,1634819217
151,taolanaro,66.4167,112.4,31.91,31.91,88,96,16.98,RU,1634819219
152,jalu,-9.1667,-60.6333,81.34,81.34,75,70,1.97,BR,1634819220
153,burica,38.5167,-28.7,70.2,70.2,78,75,9.22,PT,1634819222
154,ola,-3.35,35.85,88.84,88.84,30,93,9.8,TZ,1634819223
155,bykovo,42.2506,-75.833,50.65,56.37,89,20,1.01,US,1634819224
156,chegdomyn,-19.6702,30.0059,81.82,81.82,20,11,8.3,ZW,1634819225
157,vila velha,17.1561,-89.0714,73.54,73.54,100,0,0,BZ,1634819226
158,pangnirtung,3.0707,172.7902,82,82,77,17,13.31,KI,1634819227
159,ribeira brava,46.6166,10.7002,52.88,55.02,97,100,4.74,IT,1634819229
160,peterhead,-33.0117,17.9442,64.45,64.45,70,82,15.66,ZA,1634819230
161,arazede,60.9167,-46.05,26.82,26.82,35,69,3.15,GL,1634819231
162,sao filipe,62.2266,-6.589,43.72,43.72,60,100,19.06,FO,1634819233
163,venado tuerto,-37.6167,-73.65,52.84,52.84,86,41,10.16,CL,1634819234
164,zambezi,20.931,-17.0347,91.38,91.38,17,0,3.44,MR,1634819236
165,wukari,-38.3833,142.4833,58.8,58.8,92,26,3.27,AU,1634819016
166,udachnyy,71.0357,27.8492,33.75,35.51,80,75,14.97,NO,1634819237
167,aripuana,14.3122,121.1114,82.45,84.18,85,100,7.18,PH,1634819239
168,ribeira grande,52.8667,-104.6177,23.13,23.13,86,0,5.75,CA,1634819239
169,mto wa mbu,36.6915,-79.8725,48.67,58.05,64,10,2.98,US,1634819239
170,broome,17.8815,-76.4093,80.22,80.22,83,19,7.16,JM,1634819240
171,shurugwi,10.9447,123.4242,81.93,81.93,81,96,6.64,PH,1634819241
172,san ignacio,78.2186,15.6401,13.84,13.84,62,20,12.66,SJ,1634819241
173,butaritari,46.95,128.05,34.65,34.65,57,20,4,CN,1634819243
174,lasa,66.0449,-17.3389,35.51,35.51,62,67,12.93,IS,1634819243
175,saldanha,34.1667,77.5833,48.58,48.58,20,33,5.35,IN,1634819244
176,narsaq,32.944,-103.3485,52.38,56.03,87,96,5.32,US,1634819244
177,klaksvik,-20.2078,57.7625,77.09,77.11,72,50,10.6,MU,1634819245
178,lebu,49.7834,-74.8492,31.78,31.78,89,97,3.62,CA,1634819246
179,nouadhibou,-22.6667,167.4833,70.52,70.52,89,100,28.95,NC,1634819247
180,warrnambool,-25.85,25.6333,82.36,82.36,21,40,4.61,ZA,1634819248
181,mehamn,36.6828,-101.4816,37.42,39.15,87,1,3.44,US,1634819249
182,saleaula,12.485,-16.5469,90.7,90.7,53,77,5.44,SN,1634819250
183,santa rosa,71.9167,114.0833,15.6,15.6,95,100,8.14,RU,1634819251
184,melfort,-21.2,-175.2,73.56,73.56,94,20,6.91,TO,1634819253
185,martinsville,41.7001,-80.7665,53.96,57.76,91,1,6.91,US,1634819254
186,morant bay,-27.6469,25.607,84.56,84.56,14,72,7.52,ZA,1634819255
187,sagay,-33.6971,-53.4616,63.21,63.21,60,0,3.91,UY,1634819256
188,longyearbyen,-2.9248,-39.9167,85.75,85.75,62,98,12.37,BR,1634819258
189,tieli,16.8634,-99.8901,78.12,78.12,83,100,4.47,MX,1634819259
190,husavik,-25.4,-70.4833,61.09,61.09,66,0,5.1,CL,1634819260
191,leh,-22.6122,-46.0575,67.41,67.41,65,14,3.51,BR,1634819261
192,lovington,-16.4833,-151.75,77.79,77.79,79,17,7.58,PF,1634819263
193,quatre cocos,-45.4167,167.7167,39.33,39.33,94,14,1.3,NZ,1634819264
194,chapais,-1.5843,14.2591,77.4,77.4,76,100,3.76,GA,1634819265
195,vao,-20.7377,116.8463,77.49,77.49,60,0,13.4,AU,1634819266
196,mmabatho,-28.4478,21.2561,77.38,77.38,50,75,17.27,ZA,1634819266
197,guymon,64.5667,143.2,3.7,3.7,98,88,4.29,RU,1634819268
198,oussouye,22.0752,-159.319,71.6,73.38,93,20,5.75,US,1634819269
199,saskylakh,-19.0595,-169.9187,75.09,75.09,69,62,12.66,NU,1634819271
200,vaini,-5.1989,-35.4608,86.9,86.9,60,49,10.31,BR,1634819272
201,ashtabula,21.3906,-158.1547,72.99,73.71,73,1,0,US,1634819273
202,bloemhof,35.1333,140.3,60.01,62.71,63,100,12.71,JP,1634819275
203,chuy,1,-52,83.93,83.93,63,78,4.97,BR,1634819275
204,itarema,-26.6481,15.1594,64.35,64.35,70,79,15.57,NA,1634819276
205,acapulco,57.0531,-135.33,46.29,46.29,81,20,3.44,US,1634819278
206,taltal,67.8006,130.4114,11.75,11.75,95,100,2.93,RU,1634819279
207,cambui,54.0524,-128.6534,42.91,44.98,29,100,6.06,CA,1634819281
208,faanui,26.1842,127.7558,73.9,74.48,89,75,11.5,JP,1634819282
209,te anau,41.2835,-70.0995,61.27,65.01,94,1,4.61,US,1634819282
210,lekoni,18.8003,110.3967,77.81,77.81,90,66,5.61,CN,1634819283
211,karratha,20.8624,92.3058,81.01,81.01,81,74,2.84,BD,1634819283
212,upington,59.3556,5.2242,47.97,48.25,61,40,24.16,NO,1634819283
213,ust-nera,47.8043,67.7144,40.73,40.73,55,100,18.34,KZ,1634819284
214,kapaa,50.1167,139.15,20.07,20.07,92,97,2.3,RU,1634819285
215,alofi,70.9821,25.9704,33.33,33.33,70,100,30.51,NO,1634819285
216,touros,58.8053,-122.7002,26.19,26.19,93,90,2.3,CA,1634819286
217,nanakuli,19.2056,-69.3369,77.22,77.22,94,75,4.61,DO,1634819287
218,katsuura,9.4942,50.8122,82.04,82.04,68,96,12.59,SO,1634819288
219,amapa,-22.116,14.2845,65.86,65.86,72,74,9.89,NA,1634819290
220,luderitz,68.1214,13.5031,35.49,37.08,87,75,10.36,NO,1634819291
221,sitka,-46.2817,169.8464,40.78,40.78,89,17,3.58,NZ,1634819293
222,batagay-alyta,1.1667,108.9667,81.03,81.03,79,93,5.26,ID,1634819293
223,kitimat,47.6666,-52.7314,46.4,47.57,89,90,24.16,CA,1634819293
224,nishihara,-20.1883,32.6236,82.71,82.71,26,2,2.01,ZW,1634819295
225,nizhneyansk,-38.2667,141.9667,55.67,55.67,95,86,4.09,AU,1634819296
226,nantucket,36.6244,-119.3137,56.35,63.45,39,84,2.21,US,1634819297
227,wanning,-10.4389,-62.4664,84.74,84.74,64,97,2.57,BR,1634819297
228,teknaf,-2.0226,147.2712,81.61,81.61,79,99,7,PG,1634819299
229,visnes,-15.4333,49.7333,80.44,80.44,61,10,11.23,MG,1634819299
230,zhezkazgan,60.7167,-46.0333,27.1,27.1,34,68,3.85,GL,1634819300
231,vysokogornyy,-3.4833,23.4333,75.07,75.07,90,100,4.5,CD,1634819302
232,honningsvag,-8.9266,125.4092,65.89,65.89,73,88,0.74,TL,1634819303
233,fort nelson,-3.8004,102.2655,78.53,78.53,86,99,5.01,ID,1634819256
234,samana,7.9868,117.0645,82.44,82.44,78,95,9.04,PH,1634819303
235,bandarbeyla,10.5,10,93.6,93.6,33,93,4.36,NG,1634819304
236,henties bay,-25.2406,130.9889,78.64,78.64,17,0,6.91,AU,1634819305
237,kazalinsk,-28.65,153.6167,64.94,68.88,88,81,3.38,AU,1634819305
238,gravdal,14.35,121.0167,82.18,83.43,85,75,5.75,PH,1634819070
239,kaitangata,-25.9653,32.5892,80.28,80.28,54,20,18.41,MZ,1634819306
240,pemangkat,64.75,177.4833,21.7,21.7,93,75,4.47,RU,1634819308
241,torbay,31.61,34.7642,78.28,80.4,32,24,13.82,IL,1634819310
242,chipinge,27.7167,85.3167,68.22,68.22,83,40,9.22,NP,1634819229
243,codrington,37.4636,-122.4286,61.83,64.89,95,90,4,US,1634819312
244,orange cove,-18.65,-173.9833,75.88,75.88,73,20,9.22,TO,1634819313
245,jaru,29.1614,16.139,81.19,81.19,31,75,14.23,LY,1634819314
246,lorengau,-0.9492,100.3543,80.65,80.65,83,96,1.3,ID,1634819315
247,maroantsetra,36.9559,36.2,79.52,84.72,27,0,4.36,TR,1634819316
248,bur gabo,50.4111,80.2275,52.02,52.02,46,0,6.71,KZ,1634819317
249,qaqortoq,-34.4833,-54.3333,61.84,61.84,68,0,6.42,UY,1634819317
250,lodja,41.7597,86.1469,59.34,59.34,26,37,1.45,CN,1634819318
251,airai,69.4541,-133.0374,25.47,25.47,84,100,3.33,CA,1634819318
252,bengkulu,5.8808,-10.0467,82.36,82.36,72,94,8.95,LR,1634819320
253,balabac,61.0587,28.1887,51.49,52.56,71,75,10.36,FI,1634819321
254,bauchi,-16.5167,-151.75,77.81,77.81,79,16,7.74,PF,1634819322
255,yulara,44.7631,-85.6206,56.23,59.74,96,90,0,US,1634819324
256,byron bay,71.9667,102.5,11.14,11.14,96,97,8.46,RU,1634819325
257,san pedro,53.75,127.2667,30.36,30.36,73,28,4.45,RU,1634819326
258,maputo,-26.0217,22.401,82.81,82.81,28,100,17.07,BW,1634819327
259,anadyr,28.9684,50.8385,86.09,86.09,42,0,19.57,IR,1634819329
260,gat,43.2128,-75.4557,53.13,59.43,93,75,3.44,US,1634819330
261,mys shmidta,5.3833,-52.95,80.46,80.46,84,100,10.83,GF,1634819331
262,mutsamudu,65.8522,44.24,30.4,30.4,92,100,9.57,RU,1634819332
263,kathmandu,8.3404,17.7663,81.36,81.36,67,97,4.47,TD,1634819333
264,half moon bay,-20.3167,118.5667,78.85,78.85,53,0,11.5,AU,1634819335
265,neiafu,-18.0607,13.84,88.5,88.5,12,41,12.5,NA,1634819335
266,waddan,70.4692,-68.5914,20.86,20.86,91,87,4.34,CA,1634819337
267,padang,-6.9811,-34.8339,86.67,86.67,67,98,9.95,BR,1634819338
268,erzin,36.6177,-121.9166,58.37,62.56,92,1,1.01,US,1634819340
269,semey,42.1584,-72.3287,53.26,58.17,88,75,0,US,1634819342
270,rocha,16.9833,73.3,81.72,81.72,72,100,8.37,IN,1634819343
271,korla,29.0361,114.5636,52.09,52.09,94,99,1.45,CN,1634819343
272,tuktoyaktuk,63.1792,14.6357,39.65,39.65,100,75,4.61,SE,1634819343
273,buchanan,65.9702,-18.5286,35.53,35.53,73,87,7.02,IS,1634819344
274,lappeenranta,-34.0033,24.7314,79.88,79.88,38,30,11.36,ZA,1634819345
275,vaitape,64.5011,-165.4064,35.67,35.67,70,90,13.8,US,1634819347
276,traverse city,52.5252,11.3952,55.53,58.08,76,85,25.95,DE,1634819348
277,khatanga,-38.0023,-57.5575,62.22,62.62,94,0,11.99,AR,1634819349
278,zeya,3.1191,35.5973,95.63,95.63,27,33,17.18,KE,1634819351
279,tsabong,26.326,43.975,95.45,95.45,14,0,4.72,SA,1634819352
280,bushehr,32.3123,-106.7783,56.77,65.21,39,1,1.99,US,1634819353
281,sataua,22.5667,59.5289,89.47,89.47,47,5,5.55,OM,1634819354
282,roma,-13.8483,136.4192,84.07,84.07,79,14,6.91,AU,1634819355
283,sinnamary,41.9563,42.9566,60.37,60.37,50,3,3.78,GE,1634819356
284,mezen,-45.8667,-67.5,53.46,53.46,32,0,13.8,AR,1634819357
285,moissala,-41,145.7167,59.97,59.97,85,100,12.24,AU,1634819358
286,inderborskiy,-13.2,49.05,87.03,87.03,47,65,12.66,MG,1634819359
287,barentsburg,-28.783,32.0377,85.1,85.1,42,18,15.26,ZA,1634819360
288,port hedland,67.5447,133.385,7.84,7.84,98,86,3.74,RU,1634819362
289,opuwo,18.2164,42.5053,79.05,80.42,9,20,6.91,SA,1634819363
290,clyde river,12.8667,74.8833,83.26,83.26,78,20,5.75,IN,1634819270
291,cabedelo,11.747,11.9608,93.97,93.97,31,72,7.02,NG,1634819098
292,pacific grove,27.0327,85.0022,76.01,76.01,82,54,7.11,NP,1634819365
293,longlac,64.2539,-15.2082,42.82,42.82,56,20,6.91,IS,1634819365
294,palmer,61.67,96.37,34.95,34.95,88,99,2.84,RU,1634819366
295,ratnagiri,-16.92,35.262,95.31,95.31,23,42,5.66,MW,1634819368
296,yining,7.5264,-12.505,83.95,83.95,69,100,10.25,SL,1634819369
297,ostersund,55.0607,15.1306,50.09,50.09,86,80,36.48,DK,1634819370
298,dalvik,39.1834,-84.5333,59.72,62.2,90,90,1.01,US,1634819372
299,kruisfontein,65.6145,-37.6368,44.76,44.76,62,27,7.25,GL,1634819372
300,nome,17.0151,54.0924,82.49,82.49,69,0,11.5,OM,1634819374
301,gardelegen,37.7167,21.7167,63.46,66.81,56,1,8.75,GR,1634819375
302,mar del plata,51.3813,1.3862,50.36,53.89,66,74,4,GB,1634819376
303,lodwar,-21.15,55.2833,77.79,79.95,82,9,3.22,RE,1634819377
304,buraydah,-37.8811,147.981,58.15,58.15,91,100,7.05,AU,1634819379
305,las cruces,25.5198,90.2201,71.83,71.83,92,62,3.44,IN,1634819379
306,sur,6.8833,73.1,81.59,81.59,77,100,11.81,MV,1634819379
307,alyangula,-3.6667,152.4333,79.48,79.48,82,59,6.11,PG,1634819380
308,khani,-28.4696,-65.7852,79.07,79.77,39,0,1.99,AR,1634819381
309,comodoro rivadavia,62.5333,155.8,-12.68,-12.68,94,10,4.23,RU,1634819383
310,wynyard,58.0006,102.6619,35.94,35.94,87,99,4.9,RU,1634819326
311,ambilobe,44.7,127.2,37.94,37.94,49,74,0.74,CN,1634819384
312,richards bay,18.7369,7.3853,101.7,101.7,9,4,12.77,NE,1634819384
313,verkhoyansk,7.9986,124.2928,71.65,71.65,95,100,1.32,PH,1634819386
314,abha,34.5,62,56.91,56.91,41,0,32.61,AF,1634819386
315,mangaluru,9.3503,-65.3245,80.01,80.01,71,8,5.91,VE,1634819387
316,damaturu,21.3469,-158.0858,71.62,72.28,76,1,0,US,1634819388
317,kalaiya,34.8791,-76.9013,59.83,65.93,88,92,5.64,US,1634819389
318,hofn,59.7035,30.7861,56.07,58.39,77,83,12.5,RU,1634819390
319,baykit,47.1167,8.75,52.97,56.23,73,83,4,CH,1634819391
320,nsanje,-14.97,22.6814,91.13,91.13,27,100,4.12,ZM,1634819393
321,bonthe,40.5982,-124.1573,61.07,63.52,77,75,19.57,US,1634819394
322,nexo,-19.9842,57.6142,77.47,77.49,68,25,5.99,MU,1634819395
323,hamilton,8.4054,48.4845,89.56,89.56,24,88,7.49,SO,1634819396
324,tasiilaq,50.2001,-66.3821,44.06,45.03,95,75,1.01,CA,1634819398
325,salalah,39.0062,-77.4286,49.66,55.6,95,40,0,US,1634819398
326,lalas,61.994,-49.6678,35.55,35.55,45,18,5.01,GL,1634819399
327,margate,-51.6226,-69.2181,48.25,48.25,43,0,24.16,AR,1634819401
328,saint-leu,5.9485,80.5353,80.37,80.37,83,31,8.59,LK,1634819402
329,lakes entrance,-46.1333,167.6833,38.34,38.34,93,8,4.29,NZ,1634819402
330,tura,12.7525,4.7077,97.41,97.41,30,99,1.59,NG,1634819403
331,dhidhdhoo,34.5036,109.5089,51.49,51.49,46,99,4.97,CN,1634819404
332,namatanai,52.8429,86.4787,47.07,47.07,53,100,1.97,RU,1634819405
333,catamarca,57.79,-152.4072,36.1,36.1,82,39,4.83,US,1634819406
334,omsukchan,40.4272,71.7189,63.3,63.32,36,98,25.32,UZ,1634819407
335,ust-ilimsk,21.95,108.6167,62.26,62.26,71,100,17.56,CN,1634819408
336,shanhetun,-17.7333,-149.15,75.22,75.22,81,100,8.46,PF,1634819408
337,arlit,20.8947,-156.47,74.08,74.84,76,1,9.22,US,1634819409
338,marawi,25.0213,37.2685,83.37,83.37,63,0,14.25,SA,1634819411
339,palabuhanratu,6.5833,3.75,82.72,82.72,78,100,1.99,NG,1634819136
340,herat,4.9517,8.322,88.11,88.11,59,91,4.88,NG,1634819412
341,zaraza,9.9658,98.6348,76.93,76.93,88,80,3.42,TH,1634819408
342,makakilo city,22.2394,68.9678,82.18,82.18,54,5,10.6,IN,1634819414
343,havelock,-21.3393,55.4781,77.29,80.56,69,90,3.44,RE,1634819414
344,nikolskoye,38.5,38,60.85,60.85,29,0,4.61,TR,1634819415
345,einsiedeln,39.2553,65.1528,56.8,56.8,43,100,8.55,UZ,1634819417
346,kalabo,37.5833,44.1667,56.98,56.98,35,40,4.61,TR,1634819417
347,fortuna,28.4682,-16.2546,79.52,83.8,50,0,6.91,ES,1634819418
348,cap malheureux,38.7666,-120.5177,53.42,59.63,98,100,2.35,US,1634819420
349,garowe,65.4167,-52.9,31.28,31.28,49,83,6.71,GL,1634819420
350,sept-iles,0.5167,25.2,72.27,72.27,97,100,3.04,CD,1634819422
351,sterling,-4.0692,-78.9567,67.24,67.24,66,84,0.92,EC,1634819424
352,paamiut,29.5833,-9.5,84.16,84.16,20,19,13.62,MA,1634819425
353,rio gallegos,-31.95,141.4333,74.91,74.91,22,6,10.36,AU,1634819404
354,matara,70.9963,24.6622,34.68,34.68,71,100,29.82,NO,1634819426
355,tuatapere,-4.7761,11.8635,84.27,84.27,70,40,12.66,CG,1634819428
356,sabla,56.1201,101.1636,42.39,42.39,77,11,4.29,RU,1634819429
357,weinan,16.1167,-92.05,60.06,60.06,96,100,1.05,MX,1634819430
358,solton,69.7008,170.3133,15.19,15.19,89,100,15.99,RU,1634819432
359,kodiak,-15.8631,-38.8828,72.1,72.1,86,100,6.73,BR,1634819433
360,komsomolskiy,-22.5472,-55.7333,69.76,69.76,64,0,11.5,PY,1634819435
361,qinzhou,11.8675,75.3576,79.77,79.77,84,100,3.98,IN,1634819436
362,tautira,-32.7217,25.588,86.63,86.63,20,100,5.14,ZA,1634819436
363,kahului,45.4001,-64.332,48.88,49.26,76,11,9.86,CA,1634819438
364,umm lajj,6.5047,4.7839,82.67,82.67,73,100,4.63,NG,1634819438
365,lagos,33.7445,-118.387,57.49,67.21,59,38,1.61,US,1634819440
366,calabar,44.1667,52.1167,48.52,48.52,39,44,9.75,KZ,1634819441
367,ranong,-10.75,39.6333,83.5,83.5,51,100,8.97,TZ,1634819442
368,dwarka,30.3222,35.4793,68.31,68.31,56,1,6.96,JO,1634819443
369,hunza,51.226,-58.6502,43.52,43.52,67,97,15.32,CA,1634819444
370,saint-pierre,-43.5333,172.6333,48.9,51.94,74,40,4.61,NZ,1634819400
371,malatya,38.8876,-76.5119,53.26,58.95,94,1,0,US,1634819445
372,muborak,-7.8447,-79.1469,57.74,57.74,77,43,3.36,PE,1634819446
373,hakkari,62.6946,25.818,48.27,48.67,89,100,7.36,FI,1634819447
374,kamenskoye,10.4396,45.0143,87.76,87.76,52,86,10.74,SO,1634819449
375,yanan,35.2442,129.2139,55.13,55.13,86,85,7.76,KR,1634819321
376,santa cruz de tenerife,42.5959,-72.2268,52.99,58.87,85,75,0,US,1634819450
377,el dorado,60.7333,77.5889,42.78,42.78,77,100,6.71,RU,1634819451
378,maniitsoq,-23.85,151.25,75.13,75.13,78,90,11.5,AU,1634819452
379,tigwi,25.6667,-100.4,69.8,69.82,92,34,1.57,MX,1634819453
380,samalaeulu,28.017,-97.5169,70,75.04,92,29,2.93,US,1634819454
381,kisangani,13.2833,-88.55,75.36,75.36,89,92,4.12,SV,1634819455
382,zamora,-33.918,25.5701,77.29,82.09,57,0,4.61,ZA,1634819456
383,tiznit,64.3833,-173.3,21.65,21.65,91,39,3.96,RU,1634819457
384,broken hill,39.3558,-9.3811,68.63,72.73,66,59,14.63,PT,1634819458
385,havoysund,50.3164,-122.8027,46.26,46.26,97,100,2.37,CA,1634819460
386,pointe-noire,43.2001,-75.4663,53.35,58.95,93,75,3.44,US,1634819443
387,vikhorevka,-20.5167,57.5167,77.38,77.38,73,40,12.66,MU,1634819461
388,la trinitaria,14.0351,-83.3888,76.96,76.96,94,75,0,NI,1634819462
389,galgani,-3.1374,142.3475,79.39,79.39,84,97,1.81,PG,1634819463
390,pevek,36.6167,101.7667,43.47,43.47,70,100,4.68,CN,1634819401
391,belmonte,37.9145,69.783,68.76,68.76,32,90,8.95,TJ,1634819463
392,pedro juan caballero,-3.3836,-57.7186,90.91,90.91,50,97,3.13,BR,1634819463
393,kannur,-37.4,175.9333,57.65,58.1,83,100,8.99,NZ,1634819465
394,somerset east,4.7263,-52.3274,84.11,84.96,84,75,4.61,GF,1634819465
395,parrsboro,65.6835,-18.0878,35.53,35.53,87,40,5.75,IS,1634819467
396,okitipupa,7.6244,-11.8332,81.46,81.46,84,97,5.59,SL,1634819468
397,rancho palos verdes,5.1367,-5.0242,81.21,81.21,79,100,9.48,CI,1634819469
398,shetpe,-34.7333,135.8667,59.07,59.07,80,78,2.73,AU,1634819471
399,tandahimba,-21.3,47.6333,79.61,79.61,56,84,5.57,MG,1634819471
400,wadi musa,53.0112,9.033,49.41,55.17,82,40,18.41,DE,1634819472
401,saint-augustin,50.6856,-121.942,47.12,47.12,93,100,4.14,CA,1634819474
402,christchurch,-20.2208,-70.1431,59.04,59.04,66,40,5.66,CL,1634819474
403,mayo,12.5847,-81.7006,80.62,80.62,83,90,3.44,CO,1634819476
404,chicama,42.9668,-71.0995,54.28,61.66,84,66,4.81,US,1634819477
405,aanekoski,-15.4311,-74.6158,70.97,70.97,59,98,5.35,PE,1634819478
406,berbera,20.15,92.9,81.48,81.48,81,100,3.58,MM,1634819479
407,kijang,-30.0319,-70.7081,47.93,47.93,39,0,5.14,CL,1634819479
408,athol,42.8,93.45,60.4,60.4,17,10,4.38,CN,1634819481
409,strezhevoy,1.5,21.05,78.21,78.21,78,92,2.93,CD,1634819481
410,gladstone,-28.7667,114.6,64.81,64.81,72,90,11.5,AU,1634819444
411,garza garcia,34.3989,-119.5185,58.37,67.14,68,90,3.94,US,1634819482
412,samusu,-13.7833,14.6833,76.03,76.03,45,100,8.12,AO,1634819483
413,san patricio,18.3851,42.4509,79.32,80.71,17,79,12.39,SA,1634819485
414,puerto el triunfo,-20.0167,148.2333,75.42,75.42,85,2,9.6,AU,1634819486
415,port elizabeth,2.0371,45.3438,85.87,85.87,84,40,11.5,SO,1634819487
416,lolua,-0.9833,-77.8167,72.36,72.36,79,57,0.72,EC,1634819488
417,provideniya,44.6319,-88.0393,47.84,53.19,94,90,7,US,1634819489
418,peniche,21.2833,-89.6667,75.11,75.31,89,100,6.24,MX,1634819490
419,pemberton,-17.5,24.2667,94.69,94.69,18,100,3.47,NA,1634819446
420,oneida,55.7435,-97.8558,23.16,23.16,93,90,5.75,CA,1634819491
421,souillac,29.5581,34.9482,85.84,85.84,48,0,16.11,IL,1634819492
422,puerto cabezas,27.4167,-110.2333,71.74,71.74,57,0,6.04,MX,1634819493
423,aitape,-9.8414,-39.4817,88.36,88.36,43,83,8.68,BR,1634819494
424,xining,68.2191,-135.0107,29.23,29.23,86,100,5.08,CA,1634819497
425,kulob,27.9769,-114.0611,63.77,63.77,89,2,7.47,MX,1634819498
426,maues,39.2167,-2.15,69.26,70.9,43,94,12.75,ES,1634819499
427,waihi beach,64.1835,-51.7216,30.81,30.81,86,75,0,GL,1634819500
428,roura,43.5983,73.7614,51.3,51.3,70,100,22.24,KZ,1634819502
429,akureyri,53.1939,107.3397,38.5,38.5,79,16,11.34,RU,1634819502
430,mattru,50.6996,-127.4199,51.98,53.6,82,90,29.93,CA,1634819503
431,grand-lahou,50.2334,-63.5986,43.34,44.6,93,90,4.61,CA,1634819505
432,port lincoln,17.65,83.2667,86.32,86.32,79,20,2.3,IN,1634819506
433,ifanadiana,7.7669,-72.225,68.18,68.18,62,15,2.93,VE,1634819506
434,achim,50.6789,156.125,36.45,36.45,64,87,8.79,RU,1634819507
435,lillooet,-29.6842,-53.8069,61.9,61.9,82,20,6.91,BR,1634819508
436,iquique,51.2585,-80.6094,33.78,33.8,75,90,4.61,CA,1634819509
437,san andres,46.4333,26.4,72.46,75.76,25,87,8.34,RO,1634819511
438,rockingham,63.7533,-20.2243,45.27,45.27,86,100,4.63,IS,1634819512
439,acari,50.6309,38.6903,61.59,61.59,48,98,20.92,RU,1634819513
440,akyab,-23.6678,-46.4614,60.66,66.07,79,54,5.82,BR,1634819514
441,vicuna,-7.95,110.2833,78.98,78.98,86,100,8.23,ID,1634819516
442,hami,-31.4333,152.9167,55.63,58.96,100,40,0,AU,1634819406
443,bongandanga,36.6777,-121.6555,58.89,63.7,89,1,0,US,1634819516
444,geraldton,-45.5752,-72.0662,42.75,45.21,65,75,9.22,CL,1634819517
445,carpinteria,40.8126,-73.999,58.59,64.2,73,1,3.44,US,1634819518
446,caluquembe,30.6945,78.4932,59.02,59.02,90,0,2.51,IN,1634819519
447,faya,5.0267,21.2088,82.62,82.62,70,71,2.46,CF,1634819519
448,toliary,42.6,-84.3833,56.26,58.3,95,90,3.44,US,1634819521
449,bowen,51.5877,-2.9984,55.6,58.06,64,6,13.91,GB,1634819522
450,viligili,20.7,-105.2,76.23,78.22,94,1,3.44,MX,1634819523
451,mogadishu,-5.3166,119.3661,80.62,80.62,75,54,4.94,ID,1634819524
452,tena,-20.15,28.5833,85.51,85.51,21,95,4.32,ZW,1634819524
453,suamico,-12.7336,45.2042,82.11,82.11,69,90,12.66,YT,1634819526
454,progreso,56.3703,98.3543,37.71,37.71,75,71,3.51,RU,1634819527
455,katima mulilo,50.6501,-104.8678,26.65,29.01,68,94,11.59,CA,1634819529
456,thompson,30.4833,-115.95,59.43,59.43,82,0,7.76,MX,1634819530
457,elat,45.1667,10.7833,59.79,63.75,92,100,5.01,IT,1634819530
458,rio muerto,28.9611,-13.645,80.28,80.28,57,20,19.57,ES,1634819532
459,uaua,16.4833,81.8333,88.09,88.09,79,69,3.11,IN,1634819533
460,aklavik,44.1539,-87.5693,51.87,55.89,97,90,1.99,US,1634819534
461,guerrero negro,-33.8667,121.9,58.84,58.84,69,96,15.46,AU,1634819437
462,la roda,37.7705,-3.8973,74.41,77.72,45,76,4,ES,1634819534
463,nuuk,27.6667,-105.1667,65.41,65.41,51,100,1.1,MX,1634819536
464,shu,9.6612,-68.5827,81.88,81.88,72,7,0.67,VE,1634819536
465,khuzhir,-16.7725,31.5838,82.65,82.65,34,96,6.38,ZW,1634819537
466,port hardy,8.5061,117.4317,82.33,82.33,77,28,3.91,PH,1634819539
467,havre-saint-pierre,68.0531,39.5131,32.7,32.7,91,100,16.17,RU,1634819539
468,yarada,65.5833,-171,22.01,22.01,90,99,4.79,RU,1634819540
469,san cristobal,-20.4081,57.7,77.29,77.29,73,40,12.66,MU,1634819542
470,severo-kurilsk,63.7506,-68.5145,29.7,29.93,92,75,11.99,CA,1634819543
471,santa maria,1.2313,34.2477,83.43,83.43,49,96,4.83,UG,1634819544
472,halalo,58.9564,126.2925,34.72,34.72,98,100,9.71,RU,1634819546
473,moose factory,33.4504,-88.8184,68.58,69.46,97,90,0,US,1634819547
474,bargal,26.5881,127.9761,73.85,75.27,83,100,20.04,JP,1634819402
475,puerto pinasco,31.6128,55.4107,73.13,73.13,26,9,19.42,IR,1634819548
476,asau,53.6039,91.3903,33.69,33.69,86,57,4.47,RU,1634819549
477,hvolsvollur,46.8436,-1.8749,62.01,62.8,76,24,21.88,FR,1634819551
478,alekseyevka,-11.3258,-74.5308,76.93,76.93,76,45,1.7,PE,1634819552
479,maua,40.0549,43.9288,61.38,63.91,29,0,3.44,AM,1634819554
480,bambanglipuro,41.1415,-73.3579,57.72,65.75,94,1,0,US,1634819555
481,port macquarie,-8.145,159.5921,79.86,79.86,81,100,2.68,SB,1634819556
482,salinas,-2.7974,32.4746,80.04,80.04,43,100,2.42,TZ,1634819557
483,coihaique,11.5444,-72.9072,82.49,82.49,76,10,8.84,CO,1634819559
484,fairview,-29.8579,31.0292,75.69,80.92,75,11,5.99,ZA,1634819560
485,ginda,26.1906,-97.6961,69.64,75.2,97,1,0,US,1634819561
486,alindao,54.9075,65.0883,35.01,35.01,80,100,14.85,RU,1634819562
487,karamay,23.2667,68.8333,82.47,82.47,50,0,13.2,IN,1634819340
488,ingham,53.8251,-101.2541,24.82,24.82,86,75,3.44,CA,1634819563
489,newport,35.7565,-83.9705,57.33,60.75,97,90,4.61,US,1634819564
490,ixtapa,32.8951,-97.5459,62.83,65.98,73,20,1.99,US,1634819565
491,galesong,6.4965,2.6036,78.62,78.62,62,96,6.13,BJ,1634819566
492,bulawayo,19.7667,-70.5167,77.09,81.23,94,20,0,DO,1634819567
493,ayer itam,48.6279,41.6679,60.6,62.06,48,33,17.83,RU,1634819568
494,koungou,-34.6833,150.8667,63.36,64.58,86,100,3,AU,1634819569
495,shitkino,36.3703,30.2869,72.97,72.97,53,0,6.46,TR,1634819570
496,lumsden,56.164,44.7196,47.91,47.91,87,100,16.02,RU,1634819571
497,san quintin,54.3161,-130.3201,50.88,53.29,70,90,4.61,CA,1634819572
498,mantua,-6.2167,149.55,77.14,77.14,90,37,4.05,PG,1634819574
499,karkaralinsk,8.9242,-67.4293,83.91,83.91,60,4,8.81,VE,1634819575
500,tias,51.5313,20.0086,60.04,62.94,10,100,28.1,PL,1634819576
501,razole,20.4667,75.0167,78.82,78.82,45,0,7.76,IN,1634819583
502,two rivers,24.6774,116.1389,58.41,58.41,82,100,3.67,CN,1634819583
503,esperance,44.5833,129.4167,33.31,33.31,59,87,2.98,CN,1634819583
504,torre del campo,-19.55,169.2667,75.31,75.31,94,100,4.61,VU,1634819583
505,camargo,-9.0763,143.2092,78.71,78.71,85,100,7.38,PG,1634819584
506,san carlos,26.1903,107.5125,48.78,48.78,90,100,6.55,CN,1634819584
507,mount darwin,15.85,-97.0667,74.23,74.23,78,1,6.91,MX,1634819584
508,rio tuba,40.8021,-124.1637,59.2,65.19,100,100,8.75,US,1634819585
509,ostrovnoy,54.675,20.1347,55.45,55.45,67,98,33.96,RU,1634819586
510,lavrentiya,31.6167,130.4,55.51,55.51,92,100,4.9,JP,1634819494
511,mahebourg,-35.35,150.4667,60.76,62.76,90,100,4.72,AU,1634819587
512,iqaluit,11.2833,-15.8333,82.36,82.36,74,100,7.16,GW,1634819588
513,sironko,43.5196,-114.3153,30.88,40.86,73,40,6.91,US,1634819589
514,tommot,-15.1961,12.1522,81.23,81.23,57,0,11.5,AO,1634819590
515,starkville,-42.7692,-65.0385,66.52,66.52,38,83,18.05,AR,1634819591
516,nago,20.5022,-10.0711,86.07,86.07,12,10,17.02,MR,1634819593
517,bafq,-23.1333,150.7333,74.98,74.98,89,4,10,AU,1634819594
518,belyy yar,20.2342,-77.2789,77.41,77.41,86,18,9.01,CU,1634819595
519,challans,5.8397,-5.36,87.51,87.51,59,100,2.89,CI,1634819595
520,mazamari,53.88,67.4158,34.9,34.9,95,100,15.84,KZ,1634819597
521,shenavan,43.919,46.7102,56.52,56.52,30,52,6.8,RU,1634819598
522,westport,41.5388,-8.6151,65.26,67.84,48,1,10.78,PT,1634819600
523,marcona,-20.3667,14.9667,88.09,88.09,11,7,16.93,NA,1634819601
524,buala,-17.8786,36.8883,82.35,82.35,54,40,8.05,MZ,1634819602
525,ibanda,18.7333,-103.6833,80.08,80.08,91,100,3.24,MX,1634819604
526,riohacha,39.1672,8.5222,79.2,81.55,44,100,7.38,IT,1634819605
527,durban,12.7794,45.0367,85.84,85.84,58,95,8.48,YE,1634819606
528,harlingen,-34.2,142.15,73.36,73.36,33,4,9.22,AU,1634819607
529,glyadyanskoye,56.2358,96.065,40.78,40.78,60,68,5.23,RU,1634819608
530,naliya,25.1216,62.3254,79.7,79.7,70,0,12.95,PK,1634819609
531,the pas,49.2681,-100.9967,25.18,26.96,83,100,3.67,CA,1634819611
532,maryville,-32.5,137.7667,65.71,65.71,67,0,16.22,AU,1634819611
533,azle,41.5284,-87.4237,51.51,54.09,82,40,5.99,US,1634819612
534,porto novo,60.3071,54.3241,30.47,30.47,94,100,14.92,RU,1634819613
535,sosua,69.2167,-51.1,26.62,26.62,93,90,2.3,GL,1634819614
536,navapur,4.8699,-2.2405,81.81,81.81,75,100,8.68,GH,1634819615
537,milyutinskaya,-31.7333,-55.9833,65.32,65.32,65,0,4.9,UY,1634819617
538,kiama,8.3333,-80.5167,76.46,76.46,85,100,3,PA,1634819618
539,kumluca,-16.9567,-51.8103,81.57,81.57,49,26,5.68,BR,1634819619
540,pervoye maya,64.9225,77.785,32.27,32.27,100,100,6.82,RU,1634819620
541,prince rupert,66.845,32.3622,32.32,32.32,88,100,17.22,RU,1634819622
542,kandrian,-34.5833,150.8552,63.07,64.38,85,100,1.99,AU,1634819623
543,calabozo,42.9019,133.9064,38.5,38.5,61,1,6.71,RU,1634819477
544,tomaszow mazowiecki,50.7165,-121.2859,46.87,47.48,93,96,3.98,CA,1634819624
545,chalisgaon,-6.1349,12.3689,82.45,82.45,74,100,9.82,AO,1634819624
546,jiaocheng,54.7682,-101.865,28.24,28.24,80,40,0,CA,1634819626
547,hailin,27.3167,103.7167,41.79,41.79,92,100,4.65,CN,1634819627
548,isangel,-33.4166,149.5806,54.12,57.85,84,100,2.93,AU,1634819404
549,daru,-35.1167,139.2667,57.13,60.46,96,0,7.61,AU,1634819627
550,xiaoweizhai,-35.3333,-72.4167,56.82,56.82,74,100,7.45,CL,1634819627
551,puerto escondido,5.8933,95.3214,82.13,82.13,74,51,4.85,ID,1634819629
552,eureka,32.3502,-85.1999,61.02,65.97,88,40,3.44,US,1634819629
553,svetlyy,-3.2778,-39.2689,88.27,88.27,54,19,10.98,BR,1634819630
554,ijuin,34.1356,-116.0542,55.17,59.25,35,34,1.32,US,1634819631
555,ulladulla,25.7,100.1833,60.69,60.69,95,100,3.62,CN,1634819632
556,bubaque,11.7751,-72.4445,84.38,84.38,71,14,15.39,CO,1634819632
557,hailey,-20.65,166.5333,69.37,69.37,88,100,2.68,NC,1634819633
558,namibe,10.2849,22.7882,88.12,88.12,46,100,5.26,CF,1634819633
559,puerto madryn,16.5129,-14.6471,98.49,98.49,10,73,13.94,SN,1634819635
560,adrar,26.5921,12.7805,80.4,80.4,28,100,13.13,LY,1634819636
561,yeppoon,13.8333,-88.9167,68.4,68.4,98,90,2.26,SV,1634819637
562,satitoa,65.8167,87.9833,33.94,33.94,98,100,7.61,RU,1634819638
563,campechuela,50.2536,-96.0612,26.33,26.33,75,6,4.47,CA,1634819639
564,divo,63.096,21.6158,40.55,41.29,100,90,6.91,FI,1634819364
565,sergeyevka,-17,145.4333,74.43,74.44,91,100,3.27,AU,1634819640
566,pervomayskoye,-16.2325,39.9086,79.36,79.36,55,2,13.06,MZ,1634819641
567,barcelos,21.4612,-71.1419,82.31,82.31,77,13,16.87,TC,1634819642
568,khorixas,53.2001,-105.7677,19.35,19.35,93,1,8.05,CA,1634819643
569,quelimane,-34.0527,23.3716,72.05,72.05,59,77,4.14,ZA,1634819645
570,coahuayana,8.7514,80.4971,77.31,77.31,91,90,2.33,LK,1634819646
571,carbonia,33.194,-82.5271,57.33,62.47,71,73,4.85,US,1634819646
572,aden,-36.2333,149.1333,49.77,49.77,100,100,8.05,AU,1634819440
573,mildura,13.5928,-89.8275,78.78,78.78,82,95,6.06,SV,1634819647
574,ilanskiy,46.533,30.6596,61.02,61.02,67,0,26.84,UA,1634819648
575,gwadar,-38.6533,178.0042,54.95,54.95,79,100,2.04,NZ,1634819649
576,melita,4.25,-54.3833,86.23,86.23,58,97,5.59,GF,1634819650
577,port augusta,41.0002,-115.5012,43.65,43.65,48,1,2.3,US,1634819651
578,griffith,-9.1061,124.8925,77.97,77.97,79,91,0.25,ID,1634819652
579,gayny,34.5334,-82.6499,54.99,58.5,97,1,0,US,1634819652
580,ilulissat,36.855,28.2742,73.47,75.15,49,0,6.69,TR,1634819653
581,axim,-3.3333,128.9167,77.41,77.41,90,100,5.44,ID,1634819654
582,tacuarembo,-15.5807,-49.6362,83.98,83.98,57,8,4,BR,1634819654
583,nata,48.0056,91.6419,37.26,37.26,42,6,0.78,MN,1634819656
584,caiaponia,35.507,27.2132,69.76,69.76,56,20,20.71,GR,1634819656
585,tarko-sale,36.652,107.7896,45.18,45.18,40,0,4.79,CN,1634819657
586,zelenoborskiy,28.6585,-17.9182,73.15,73.15,73,11,13.8,ES,1634819657
587,flinders,-18.0056,-70.2483,50.2,52.7,93,90,2.3,PE,1634819658
588,preobrazheniye,,,,,,,,,
589,ashcroft,,,,,,,,,
590,soyo,,,,,,,,,
591,flin flon,,,,,,,,,
592,zhaotong,,,,,,,,,
593,bathurst,,,,,,,,,
594,murray bridge,,,,,,,,,
595,constitucion,,,,,,,,,
596,sabang,,,,,,,,,
597,russell,,,,,,,,,
598,trairi,,,,,,,,,
599,twentynine palms,,,,,,,,,
600,dali,,,,,,,,,
601,manaure,,,,,,,,,
602,fayaoue,,,,,,,,,
603,birao,,,,,,,,,
604,ndioum,,,,,,,,,
605,awbari,,,,,,,,,
606,salvador,,,,,,,,,
607,turukhansk,,,,,,,,,
608,lac du bonnet,,,,,,,,,
609,vaasa,,,,,,,,,
610,mareeba,,,,,,,,,
611,angoche,,,,,,,,,
612,cockburn town,,,,,,,,,
613,jiddah,,,,,,,,,
614,prince albert,,,,,,,,,
615,plettenberg bay,,,,,,,,,
616,vavuniya,,,,,,,,,
617,avera,,,,,,,,,
618,cooma,,,,,,,,,
619,acajutla,,,,,,,,,
620,usatove,,,,,,,,,
621,gisborne,,,,,,,,,
622,grand-santi,,,,,,,,,
623,elko,,,,,,,,,
624,atambua,,,,,,,,,
625,anderson,,,,,,,,,
626,wulanhaote,,,,,,,,,
627,marmaris,,,,,,,,,
628,amahai,,,,,,,,,
629,goias,,,,,,,,,
630,hovd,,,,,,,,,
631,karpathos,,,,,,,,,
632,yuancheng,,,,,,,,,
633,los llanos de aridane,,,,,,,,,
634,tacna,,,,,,,,,
